abs;3
accept-language-parser;7
add-zero;5
almost-equal;3
alt;7
app-module-path;2
argparse;29
arr-diff;3
arr-union;3
array-foreach;8
array-sort;3
array-sort;3
array-sort;3
array-unique;21
b64-lite;20
b_;3
balanced-match;11
bind-ponyfill;8
bintrees;6
bitwise-xor;16
boolify-string;11
buffer-compare;8
buffer-crc32;6
bump-regex;3
bytebuffer;12
caller;3
card-validator;2
chai;1
chai-datetime;10
checkstyle-formatter;3
circular-json;1
classnames;3
cli-table2;7
cli-table2;7
compare-func;6
connect;3
console-log-level;8
console-stamp;13
contains-path;3
content-range;9
copy-paste;5
countries-and-timezones;3
countries-and-timezones;3
countries-and-timezones;1
countries-and-timezones;1
credit-card-type;3
currency-formatter;13
currency-formatter;13
d;5
d;3
datadog-metrics;19
deep-extend;3
diacritics;1
dirname-regex;3
dot-object;1
dotdir-regex;3
dotfile-regex;3
double-ended-queue;9
duplexer2;12
duplexer3;12
easydate;12
elementtree;65
escape-html;3
event-loop-lag;3
expand-tilde;3
f1;3
f1;3
f1;3
f1;3
fast-levenshtein;9
fast-levenshtein;13
fast-list;11
fast-stats;7
fast-stats;22
field;2
flake-idgen;8
flake-idgen;16
flake-idgen;16
flake-idgen;8
fnv-lite;16
format-duration;9
format-util;3
framebus;2
fromnow;3
geopattern;2
get-func-name;8
giphy-api;5
github-url-to-object;8
glob-base;3
glob-parent;3
glob-to-regexp;11
gregorian-calendar;17
hashset;7
hooker;1
html-entities;31
html-entities;30
htmlescape;3
http-proxy-middleware;3
humanize-duration;3
humanize-ms;5
iban;2
inflected;1
ip;31
ipcheck;9
ipcheck;14
is-absolute;5
is-absolute;1
is-dotdir;3
is-git-url;3
is-integer;3
is-mobile;3
is-negated-glob;3
is-object;5
is-relative;3
is-running;3
is-touch-device;3
is-uuid;5
is-valid-glob;8
is-valid-path;6
is-windows;3
isarray;3
isbn-utils;58
js-levenshtein;12
js-string-escape;3
js-to-java;13
jsend;5
json-stringify-safe;5
json2md;43
json2mq;3
jsonapi-serializer;4
jsonminify;3
jsontoxml;3
keymirror;3
kramed;7
kramed;8
latinize;3
ldap-filters;12
level-codec;9
linear-gradient;44
localized-countries;3
localized-countries;3
localized-countries;3
logg;1
lolex;1
luaparse;1
luaparse;7
mailcheck;15
markdown-it;3
markdown-it;6
memoizee;8
memory-cache;3
mersenne-twister;13
mess;18
milliseconds;7
mime;2
minimal-bit-array;9
mitm;3
mixpanel-browser;18
modular-scale;9
moment-holiday;9
mongodb-uri;1
mongodb-uri;1
nanp;5
nested-error-stacks;7
newline-remove;3
ngeohash;3
no-scroll;3
node-cache;7
node-cache;7
node-cleanup;3
nomnom;1
nomnom;1
nopt;5
normalize-path;9
nssm;3
nssm;3
nssm;3
nssm;3
number-to-words;1
number-to-words;2
obj-file-parser;7
object-diff;5
object-keys;3
object-map;9
object-path;68
oibackoff;1
one-time;3
opener;3
orchestrator;7
owasp-password-strength-test;1
owasp-password-strength-test;9
parse-filepath;3
parse-github-url;3
parse-link-header;3
parse-numeric-range;1
parse-unit;3
path-is-inside;3
path-parse;3
path-regex;3
pg-format;8
pg-format;12
pg-format;9
pg-format;7
phone;5
phone-formatter;1
plugin-error;7
portscanner;3
pretty-hrtime;10
promise-retry;3
radix64;1
radix64;1
random-seed;8
random-seed;8
random-seed;8
random-seed;9
random-seed;8
random-seed;8
random-seed;9
random-seed;9
random-string;3
randomcolor;3
reconnect-core;3
redis;29
redis-mock;7
remove-markdown;3
repeat-element;7
repeat-string;8
replace-ext;8
requires-port;3
rfc2047;2
rison;4
route-parser;9
rsvp;9
run-parallel;8
rwlock;7
safe-json-stringify;5
safe-json-stringify;5
sane-email-validation;3
sane-email-validation;5
sanitize-filename;3
seededshuffle;19
semaphore;3
semaphore;3
semaphore;3
serialize-javascript;11
shallowequal;12
shimmer;5
showdown;6
shuffle-array;13
slug;16
smart-truncate;3
smtpapi;12
spdx-correct;9
speakingurl;18
speakingurl;22
stack-mapper;3
stale-lru-cache;21
starwars-names;2
statsd-client;15
std-mocks;3
steed;1
store;4
strange;7
stream-array;3
stream-meter;3
string;3
tableau;3
timer-machine;14
timer-machine;8
tldjs;3
tldjs;5
toobusy-js;6
travis-fold;3
treeify;1
type-check;25
typedarray-pool;13
unc-path-regex;3
uniq;8
uri-templates;3
url-parse;12
url-parse;7
url-template;14
validator;1
varint;2
venn;1
victor;7
voca;4
voronoi-diagram;15
week;3
wellknown;3
whitelist-object;3
winreg;15
word-wrap;3
xml2js;9
xml2js;38
xmldoc;4
xtend;3
